Comment,Date,Post Title,Likes
"NetOne 4G network is completely down in Bulawayo today, please fix this!",2026-03-01 08:30:00,Network Upgrade,14
"Thank you NetOne for the super fast customer care assistance woye!",2026-03-01 11:15:00,Customer Service,25
"How do I activate roaming before traveling to South Africa?",2026-03-02 09:45:00,Roaming Packages,3
"Money was deducted from my account but bundle was not received",2026-03-02 14:20:00,Billing & Airtime,42
"Bho zvekuti! The new weekend bundle promotion is awesome 🔥",2026-03-03 16:00:00,Weekend Promo,88
"Network keeps dropping during voice calls. Hazvina kumira mushe.",2026-03-03 18:10:00,Network Upgrade,9
"Can you please explain how the night owl data bundle works?",2026-03-04 07:05:00,Data Bundles,2
"NetOne is the best telecommunications network in Zimbabwe! Makorokoto!",2026-03-04 12:50:00,Brand Campaign,61
"I have been waiting for hours for support agent to reply my message.",2026-03-05 10:30:00,Customer Service,19
"Airtime recharged successfully but balance showing zero. What happened?",2026-03-05 15:40:00,Billing & Airtime,33
